{
  "accuracy": [
    0.8896364569664001,
    0.9321931600570679,
    0.9427124857902527,
    0.9486960172653198,
    0.9541232585906982,
    0.9566217660903931,
    0.9602102041244507,
    0.9612001776695251,
    0.9649847149848938,
    0.9664276242256165,
    0.9674463272094727,
    0.9682660698890686,
    0.9687702059745789,
    0.9694427251815796,
    0.970399796962738,
    0.9705939292907715,
    0.9708660840988159,
    0.9708090424537659,
    0.9718009829521179,
    0.9719206690788269,
    0.9722015261650085,
    0.9729357361793518,
    0.9726473689079285,
    0.9726560711860657,
    0.9733850955963135,
    0.9735729098320007,
    0.973759114742279,
    0.9739447832107544,
    0.9738146662712097,
    0.9741069078445435,
    0.9744489192962646,
    0.974539577960968,
    0.9748042225837708,
    0.974773645401001,
    0.9749793410301208,
    0.9753082394599915,
    0.9756746292114258,
    0.9759293794631958,
    0.975830078125,
    0.975910484790802,
    0.9759846329689026,
    0.9760469794273376,
    0.9762213230133057,
    0.9765625,
    0.9765896201133728,
    0.97650545835495,
    0.9766198992729187,
    0.9767432808876038,
    0.9767215251922607,
    0.976772665977478,
    0.9767670631408691,
    0.9769420027732849,
    0.9770859479904175,
    0.976790726184845,
    0.9769322872161865,
    0.9769694805145264,
    0.977141261100769,
    0.9770379066467285,
    0.9771332740783691,
    0.97721928358078,
    0.9772874712944031,
    0.9773818254470825
  ],
  "iou_metric": [
    0.5291622877120972,
    0.6453268527984619,
    0.6899092793464661,
    0.7144606113433838,
    0.7388509511947632,
    0.7508783340454102,
    0.7680729031562805,
    0.7731653451919556,
    0.7938488721847534,
    0.8002451658248901,
    0.8053169250488281,
    0.8087334632873535,
    0.8111082315444946,
    0.8154330849647522,
    0.820914626121521,
    0.8211703300476074,
    0.823351263999939,
    0.8229894042015076,
    0.8274754881858826,
    0.8301553726196289,
    0.829982340335846,
    0.8327776789665222,
    0.8320390582084656,
    0.8333591222763062,
    0.8356478214263916,
    0.8383704423904419,
    0.8390466570854187,
    0.8403486013412476,
    0.840919554233551,
    0.8404348492622375,
    0.8440885543823242,
    0.8448226451873779,
    0.8444400429725647,
    0.8444661498069763,
    0.847619891166687,
    0.8480616807937622,
    0.8506096601486206,
    0.8499175906181335,
    0.8510821461677551,
    0.8512033224105835,
    0.8522869348526001,
    0.8516468405723572,
    0.852619469165802,
    0.8567100763320923,
    0.8544954657554626,
    0.8551146984100342,
    0.8552858233451843,
    0.8560012578964233,
    0.8563178181648254,
    0.8549550175666809,
    0.8585681319236755,
    0.8573099970817566,
    0.8585289716720581,
    0.8565517067909241,
    0.8570705056190491,
    0.8564125299453735,
    0.8570284247398376,
    0.8577120304107666,
    0.8582472205162048,
    0.8607010841369629,
    0.8591146469116211,
    0.8613283038139343
  ],
  "loss": [
    0.8501286506652832,
    0.633976399898529,
    0.5626775026321411,
    0.518856406211853,
    0.475929319858551,
    0.4518681466579437,
    0.4196437895298004,
    0.40595898032188416,
    0.3738091289997101,
    0.3614886999130249,
    0.3508600890636444,
    0.34197747707366943,
    0.3356412649154663,
    0.3266083598136902,
    0.31838691234588623,
    0.31545311212539673,
    0.31196561455726624,
    0.311939001083374,
    0.30352044105529785,
    0.2992823123931885,
    0.2972567677497864,
    0.29189610481262207,
    0.29115912318229675,
    0.2894756495952606,
    0.2844655215740204,
    0.28082922101020813,
    0.2783720791339874,
    0.2755158245563507,
    0.27420735359191895,
    0.2723805010318756,
    0.26776111125946045,
    0.2653007507324219,
    0.2638018727302551,
    0.26284950971603394,
    0.2585925757884979,
    0.2562282979488373,
    0.25263580679893494,
    0.25211307406425476,
    0.2505425810813904,
    0.24975593388080597,
    0.2484154850244522,
    0.24820072948932648,
    0.24640843272209167,
    0.24182383716106415,
    0.24363860487937927,
    0.24270349740982056,
    0.24201402068138123,
    0.24100738763809204,
    0.2401309609413147,
    0.24116483330726624,
    0.23830151557922363,
    0.2382756769657135,
    0.23678351938724518,
    0.23864048719406128,
    0.23784860968589783,
    0.23804745078086853,
    0.23670093715190887,
    0.23629741370677948,
    0.23527483642101288,
    0.23395392298698425,
    0.23446214199066162,
    0.2326894998550415
  ],
  "val_accuracy": [
    0.8504183292388916,
    0.7905914783477783,
    0.850147008895874,
    0.850421130657196,
    0.8495559096336365,
    0.8503887057304382,
    0.8494913578033447,
    0.8504443764686584,
    0.8504009246826172,
    0.8509906530380249,
    0.8523855209350586,
    0.8557189702987671,
    0.8615705966949463,
    0.8691315054893494,
    0.8840606212615967,
    0.8905661106109619,
    0.906529426574707,
    0.9147093296051025,
    0.9166381359100342,
    0.9307134747505188,
    0.9380635619163513,
    0.9401051998138428,
    0.9447041153907776,
    0.9505895972251892,
    0.9518784880638123,
    0.948444128036499,
    0.9462316036224365,
    0.9510726928710938,
    0.9548733234405518,
    0.953024685382843,
    0.9444498419761658,
    0.9444280862808228,
    0.9509997963905334,
    0.9504779577255249,
    0.9509937167167664,
    0.954623818397522,
    0.9553388357162476,
    0.9514135718345642,
    0.9462897777557373,
    0.9455907940864563,
    0.9435768127441406,
    0.9474233984947205,
    0.9422231912612915,
    0.9462156891822815,
    0.9480438232421875,
    0.9520580172538757,
    0.9556460976600647,
    0.9535140991210938,
    0.9526220560073853,
    0.9545354843139648,
    0.9517236351966858,
    0.9543483853340149,
    0.9550483226776123,
    0.9547645449638367,
    0.9546093344688416,
    0.9544584155082703,
    0.954908549785614,
    0.9546686410903931,
    0.9547685384750366,
    0.9544637799263,
    0.9541887044906616,
    0.9546140432357788
  ],
  "val_iou_metric": [
    0.0004038888728246093,
    0.2250111699104309,
    0.006081518717110157,
    0.0005140312714502215,
    0.006902898661792278,
    1.8103946076639121e-12,
    0.002654129173606634,
    0.0004428270913194865,
    0.0003591012500692159,
    0.004801085684448481,
    0.019616249948740005,
    0.052181098610162735,
    0.10465032607316971,
    0.1686038374900818,
    0.2885681390762329,
    0.31901314854621887,
    0.42680132389068604,
    0.48291829228401184,
    0.49102964997291565,
    0.5812258124351501,
    0.6261850595474243,
    0.6498311758041382,
    0.6843594908714294,
    0.7030613422393799,
    0.7053546905517578,
    0.6951216459274292,
    0.6872313022613525,
    0.7091785669326782,
    0.728390634059906,
    0.7239646315574646,
    0.6856517195701599,
    0.6838991641998291,
    0.71036696434021,
    0.7036371827125549,
    0.7063915729522705,
    0.7271990180015564,
    0.7319751381874084,
    0.7114923000335693,
    0.6949081420898438,
    0.6928306818008423,
    0.6892455816268921,
    0.6969991326332092,
    0.6857351660728455,
    0.6933659911155701,
    0.7053531408309937,
    0.7193277478218079,
    0.7340574264526367,
    0.7277698516845703,
    0.7213841080665588,
    0.731135368347168,
    0.7172790765762329,
    0.7261171936988831,
    0.7312449812889099,
    0.7310497164726257,
    0.7308320999145508,
    0.7306787967681885,
    0.7323632836341858,
    0.7317003011703491,
    0.731989860534668,
    0.7314449548721313,
    0.7300340533256531,
    0.7317348718643188
  ],