{
  "accuracy": [
    0.9012223482131958,
    0.9347142577171326,
    0.946026623249054,
    0.9514887928962708,
    0.9562651515007019,
    0.9587315320968628,
    0.96134352684021,
    0.9630968570709229,
    0.9656025171279907,
    0.9682759046554565,
    0.9696362018585205,
    0.9701527953147888,
    0.9703331589698792,
    0.9709658026695251,
    0.9717419743537903,
    0.9716355204582214,
    0.9725467562675476,
    0.9725636839866638,
    0.972696840763092,
    0.972713053226471,
    0.9740906953811646,
    0.9743797779083252,
    0.9747835397720337,
    0.9749025106430054,
    0.9754678010940552,
    0.9757393002510071,
    0.9759061336517334,
    0.9762685894966125,
    0.9755934476852417,
    0.976477861404419,
    0.9769453406333923,
    0.977084219455719,
    0.977249264717102,
    0.9778372645378113,
    0.9780409336090088,
    0.9782155752182007,
    0.9786174893379211,
    0.9787596464157104,
    0.9787692427635193,
    0.9789212346076965,
    0.9791475534439087,
    0.9790012240409851,
    0.9792574644088745,
    0.9792669415473938,
    0.9793229103088379,
    0.9794174432754517,
    0.9797224402427673,
    0.9798537492752075,
    0.9798619747161865,
    0.97984778881073,
    0.980196475982666,
    0.9802589416503906,
    0.9800903797149658,
    0.9802732467651367,
    0.9803847074508667,
    0.980314314365387,
    0.9805358648300171,
    0.9805900454521179,
    0.980521023273468,
    0.9805706143379211
  ],
  "iou_metric": [
    0.5444902777671814,
    0.6543960571289062,
    0.7027587294578552,
    0.7266788482666016,
    0.7489075660705566,
    0.7604044675827026,
    0.7741584181785583,
    0.7827505469322205,
    0.7977558374404907,
    0.8096149563789368,
    0.816786527633667,
    0.8196967840194702,
    0.8202572464942932,
    0.8236269950866699,
    0.8279197812080383,
    0.8265450596809387,
    0.8319112658500671,
    0.833423912525177,
    0.8322252035140991,
    0.8350808620452881,
    0.8403546214103699,
    0.8407924771308899,
    0.8443577885627747,
    0.8453909158706665,
    0.8472757935523987,
    0.8506526947021484,
    0.8513263463973999,
    0.8529289960861206,
    0.8505223393440247,
    0.8544822335243225,
    0.857696533203125,
    0.8587834239006042,
    0.8583229780197144,
    0.8619797825813293,
    0.8647758960723877,
    0.8640480637550354,
    0.8671306371688843,
    0.8662357330322266,
    0.8676503300666809,
    0.8686209321022034,
    0.8700926899909973,
    0.8685693740844727,
    0.8698447942733765,
    0.8723627328872681,
    0.8706156611442566,
    0.8713260293006897,
    0.8730799555778503,
    0.8732008337974548,
    0.8741728663444519,
    0.873067319393158,
    0.8778040409088135,
    0.8763492703437805,
    0.8758328557014465,
    0.8756394982337952,
    0.8770428895950317,
    0.87558913230896,
    0.8763489723205566,
    0.87837153673172,
    0.8775045275688171,
    0.8799417018890381
  ],
  "loss": [
    0.6115826964378357,
    0.429446280002594,
    0.35948777198791504,
    0.32430100440979004,
    0.2932472229003906,
    0.27719756960868835,
    0.2586222290992737,
    0.24657663702964783,
    0.228457510471344,
    0.2119676172733307,
    0.20265796780586243,
    0.1987747848033905,
    0.19825339317321777,
    0.19302375614643097,
    0.18815995752811432,
    0.19000400602817535,
    0.1830986589193344,
    0.1829647421836853,
    0.182648703455925,
    0.18072915077209473,
    0.17288805544376373,
    0.1716354787349701,
    0.1673671305179596,
    0.1667822003364563,
    0.16387508809566498,
    0.16093723475933075,
    0.1597062051296234,
    0.15724892914295197,
    0.16176019608974457,
    0.15579114854335785,
    0.15237124264240265,
    0.15120947360992432,
    0.15109416842460632,
    0.14700619876384735,
    0.14415684342384338,
    0.14440768957138062,
    0.14098496735095978,
    0.14121472835540771,
    0.13980938494205475,
    0.1389997899532318,
    0.13740511238574982,
    0.1389160007238388,
    0.13731278479099274,
    0.13531117141246796,
    0.13673511147499084,
    0.13585501909255981,
    0.13393375277519226,
    0.13343073427677155,
    0.13241606950759888,
    0.133599191904068,
    0.12951001524925232,
    0.12984558939933777,
    0.13091237843036652,
    0.1301901787519455,
    0.12932553887367249,
    0.13045628368854523,
    0.12937606871128082,
    0.12770576775074005,
    0.1281791627407074,
    0.12690016627311707
  ],
  "val_accuracy": [
    0.8502836227416992,
    0.8503027558326721,
    0.8503887057304382,
    0.8503887057304382,
    0.8503887057304382,
    0.8503887057304382,
    0.8503590226173401,
    0.8481592535972595,
    0.8503538370132446,
    0.8510701656341553,
    0.8515586853027344,
    0.8590284585952759,
    0.8618775010108948,
    0.8664944171905518,
    0.8763912320137024,
    0.8912752270698547,
    0.8907150626182556,
    0.8979120254516602,
    0.8912128806114197,
    0.9182498455047607,
    0.9241964817047119,
    0.9324214458465576,
    0.9400497078895569,
    0.9483001828193665,
    0.9509025812149048,
    0.9516874551773071,
    0.9496737122535706,
    0.9166746139526367,
    0.9231365323066711,
    0.9498083591461182,
    0.9418829083442688,
    0.9197413921356201,
    0.9215103387832642,
    0.9501394033432007,
    0.9522002935409546,
    0.9524841904640198,
    0.9520655274391174,
    0.953646719455719,
    0.9530252814292908,
    0.9540354013442993,
    0.9533183574676514,
    0.9472894072532654,
    0.9338458776473999,
    0.9491798281669617,
    0.952889621257782,
    0.9266291260719299,
    0.9494585394859314,
    0.9427613615989685,
    0.931269645690918,
    0.9304912686347961,
    0.9302618503570557,
    0.9331851601600647,
    0.9335969686508179,
    0.9314672946929932,
    0.9328126311302185,
    0.9442734122276306,
    0.9522002935409546,
    0.9531328678131104,
    0.9541255831718445,
    0.9534425735473633
  ],
  "val_iou_metric": [
    0.001456317026168108,
    1.917302142828703e-05,
    1.8103946076639121e-12,
    1.8103946076639121e-12,
    1.8103946076639121e-12,
    1.8103946076639121e-12,
    1.6789314031484537e-05,
    0.004028478171676397,
    0.015946537256240845,
    0.010794899426400661,
    0.04563482850790024,
    0.13338322937488556,
    0.10551298409700394,
    0.14823094010353088,
    0.24449634552001953,
    0.3349793255329132,
    0.3175927996635437,
    0.36690786480903625,
    0.3316820561885834,
    0.49370118975639343,
    0.551299512386322,
    0.6088894009590149,
    0.6472325921058655,
    0.6947038173675537,
    0.7015157341957092,
    0.7041025757789612,
    0.705218493938446,
    0.6089865565299988,
    0.6255139708518982,
    0.6995254158973694,
    0.6773769855499268,
    0.6041228175163269,
    0.6031740307807922,
    0.7123685479164124,
    0.7168575525283813,
    0.7212812900543213,
    0.7238659262657166,
    0.7269293069839478,
    0.725673258304596,
    0.7304302453994751,
    0.7232133746147156,
    0.6952390074729919,
    0.6528940796852112,
    0.7023393511772156,
    0.7248609662055969,
    0.6177024245262146,
    0.7042877078056335,
    0.6748396158218384,
    0.6128895282745361,
    0.6186242699623108,
    0.6196143627166748,
    0.6111050248146057,
    0.6263335347175598,
    0.6023007035255432,
    0.6224367022514343,
    0.6775767803192139,
    0.7156854271888733,
    0.722339391708374,
    0.7279096245765686,
    0.7279215455055237
  ],